{
   "5": 0.21883335863363224,
   "6": 0.22068217209669316,
   "7": 0.22916318314830766,
   "8": 0.21952693759689934,
   "9": 0.22137531364999807,
   "10": 0.247388357826882,
   "11": 0.22915309747095772,
   "12": 0.23688336755762776,
   "13": 0.22533066461996037,
   "14": 0.26338350825013224,
   "15": 0.2508293571365049,
   "16": 0.24139435031955966,
   "17": 0.2430099104570047,
   "18": 0.24782253607361854,
   "19": 0.2297508212777013,
   "20": 0.23225105339700686
}